INSERT INTO Address (idAdress, street, zipCode, city)
	VALUES
	('1', 'Alameda de Adelino Amaro da Costa, 318', '7062-218', 'Vizela'),
	('2', 'Rua Joel Reis, S/N', '7830-714', 'Montijo'),
	('3', 'Largo Diego Tavares, 59', '6910-780', 'Braga'),
	('4', 'Travessa Luís Mota, 8', '0882-207', 'Gondomar'),
	('5', 'Av Lourenço, 162', '1750-198', 'Lixa'),
	('6', 'Travessa de Fonseca, 33', '7404-759', 'Oliveira do Hospital'),
	('7', 'R. Isabel Pinto, 40', '2896-933', 'Montemor-o-Novo'),
	('8', 'Travessa Ivo Andrade, 52', '5445-387', 'Trancoso'),
	('9', 'Largo Amélia Carvalheira, 412', '4149-819', 'Tavira');

INSERT INTO Contact (idContact, name, email, phone) 
	VALUES
	('1', 'Afonso Vaz', 'jaime44@example.net', '950393196'),
	('2', 'Patrícia Almeida-Cruz', 'alexandraaraujo@example.com', '930398216'),
	('3', 'Helena Nascimento', 'melobarbara@example.org', '916581576'),
	('4', 'Denis Garcia', 'carminho42@example.org', '921230030'),
	('5', 'Nair Morais-Neto', 'alexandre71@example.com', '925118884'),
	('6', 'Manuel Moura', 'mcunha@example.net', '955343127'),
	('7', 'Jaime do Paiva', 'francisco22@example.org', '955603925'),
	('8', 'Rúben Domingues', 'gaspar42@example.org', '956836016'),
	('9', 'Isabel Lima', 'petra74@example.net', '929129880'),
	('10', 'Margarida Pinho', 'martimdomingues@example.com', '954787689'),
	('11', 'Benjamim Torres', 'samuelpacheco@example.com', '957722424'),
	('12', 'Ângela Machado', 'castroricardo@example.net', '934490540'),
	('13', 'Larissa Baptista', 'duartefigueiredo@example.net', '967957900'),
	('14', 'Tiago Mendes', 'mamorim@example.org', '919148775'),
	('15', 'Vitória Paiva', 'unogueira@example.net', '930854784'),
	('16', 'Kévim do Batista', 'vitormoura@example.com', '915391731'),
	('17', 'Tomás Carneiro', 'hsilva@example.org', '946619060'),
	('18', 'Íris Pinto', 'ybranco@example.net', '929265435'),
	('19', 'Matilde-Mélanie Castro', 'nelson65@example.net', '961070437'),
	('20', 'Henrique Brito', 'rfaria@example.net', '956520995'),
	('21', 'Bruna Pinto', 'oliveiraleonardo@example.net', '968985279'),
	('22', 'Ângelo Torres', 'laurapinto@example.net', '939434284'),
	('23', 'Kévim Campos', 'emiliabaptista@example.com', '950839443'),
	('24', 'Alícia Sá', 'caraujo@example.org', '937602212'),
	('25', 'Ema-Violeta Anjos', 'antonio39@example.org', '912596902'),
	('26', 'Bernardo Nogueira-Amaral', 'joanamiranda@example.com', '943691587'),
	('27', 'Jaime Lopes', 'carminhomagalhaes@example.com', '921589225'),
	('28', 'Catarina Santos', 'cfaria@example.com', '955313911'),
	('29', 'Micael Magalhães', 'pguerreiro@example.org', '969122195'),
	('30', 'Nicole Andrade', 'qlourenco@example.com', '944181459');

INSERT INTO Category (idCategory, name, descripton, tax)
	VALUES
	('1', 'Toys', 'Toys mainly targeted at children.', '10'),
	('2', 'School utilitys', 'Things students need is School, l', '5'),
	('3', 'gifts for friends and family', 'Cards for Birthdays, Chrismas and so on', '9');

INSERT INTO Client (idClient, VAT, contact) 
	VALUES 
	(1, 711587800, 25), 
	(2, 129098598, 5), 
	(3, 294473144, 4), 
	(4, 589988153, 23), 
	(5, 299182409, 6), 
	(6, 449326863, 27), 
	(7, 578308042, 18), 
	(8, 733598703, 9), 
	(9, 836265472, 12), 
	(10, 483528406, 24), 
	(11, 482256124, 21), 
	(12, 179707244, 11), 
	(13, 587292217, 3), 
	(14, 553589086, 20), 
	(15, 254748831, 1), 
	(16, 536690609, 14), 
	(17, 176488627, 22), 
	(18, 784990109, 2), 
	(19, 402931145, 8), 
	(20, 525453954, 15), 
	(21, 542386750, 17), 
	(22, 179483061, 19), 
	(23, 879293400, 7), 
	(24, 565508624, 13), 
	(25, 437373533, 28), 
	(26, 433211007, 16), 
	(27, 886728159, 29), 
	(28, 874682556, 30), 
	(29, 951969187, 26), 
	(30, 187189136, 10);

INSERT INTO Client_has_Address (Client_idClient, Address_idAdress)
	VALUES 
	(8, 3),
	(7, 9),
	(3, 1),
	(4, 7),
	(9, 2),
	(6, 5),
	(5, 8),
	(2, 4),
	(1, 6),
	(10, 7),(17, 4),
	(16, 2),
	(18, 9),
	(13, 8),
	(14, 3),
	(19, 7),
	(12, 5),
	(15, 1),
	(11, 6),
	(20, 7),(27, 3),
	(25, 2),
	(28, 5),
	(23, 6),
	(29, 4),
	(21, 7),
	(24, 1),
	(22, 9),
	(26, 8),
	(30, 9);

INSERT INTO Item (idItem, name, description, stockNr, priceBuy, priceSell, category)
	VALUES
	('1', 'Teddy Bear, small', 'Toy to cuddle,', '1337', '1', '3', '1'),
	('2', 'Black Pencil', 'A Pencile which is Black', '42069', '0.54', '2', '2'),
	('3', 'Birthday Card Nr. 1', 'A Card with happy birthday wishes.', '1312', '0.1', '1', '3'),
	('4', 'Doll 1', 'A little toll for little kids', '123', '3.0', '6', '1'),
	('5', 'Doll 2', 'A little toll for little kids', '123', '3.0', '6', '1'),
	('6', 'Doll 3', 'A little toll for little kids', '123', '3.0', '6', '1'),
	('7', 'Teddy Bear, medium', 'Toy to cuddle', '1338', '3', '5', '1'),
	('8', 'Teddy Bear, XL', 'Toy to cuddle,', '1339', '6', '10', '1'),
	('9', 'Teddy Bear, XXL', 'Toy to cuddle,', '1340', '10', '14', '1'),
	('10', 'School Bag 1', 'A bag for studens', '23', '10', '15', '2'),
	('11', 'School Bag 2', 'A bag for studens', '24', '10', '15', '2'),
	('12', 'School Bag 3', 'A bag for studens', '25', '10', '15', '2'),
	('13', 'Stickers', 'Stickers with funny/cute stuff', '543', '3', '5', '3'),
	('14', 'Rubics Cube', 'Classic phisical riddle', '544', '10', '15', '3'),
	('15', 'Umbrella', 'Protection agains rain', '545', '6', '9', '3');

INSERT INTO Employee (idEmployee, manager, salary, contact) VALUES
	('1', '1', '1500', '1'),
	('2', '1', '1000', '10'),
	('3', '1', '1000', '20');

INSERT INTO dorlux.Order (idOrder, status, shippingPrice, orderDate, dorlux.Order.upDate, Employee, client_idClient)
	VALUES
	('1', 'PROCESSED', '3.37', NOW(), NOW(), '2', '18'),
	('2', 'DELIVERED', '0.42', NOW(), NOW(), '3', '17'),
	('3', 'PENDING', '0.65', NOW(), NOW(), '2', '12'),
	('4', 'DELIVERED', '3.54', NOW(), NOW(), '1', '3'),
	('5', 'DELIVERED', '4.60', NOW(), NOW(), '2', '25'),
	('6', 'PENDING', '3.85', NOW(), NOW(), '1', '3'),
	('7', 'PROCESSED', '4.91', NOW(), NOW(), '1', '9'),
	('8', 'PENDING', '2.84', NOW(), NOW(), '3', '27'),
	('9', 'PROCESSED', '3.46', NOW(), NOW(), '3', '14'),
	('10', 'PROCESSED', '4.85', NOW(), NOW(), '1', '11'),
	('11', 'PROCESSED', '1.95', NOW(), NOW(), '1', '15'),
	('12', 'PENDING', '4.95', NOW(), NOW(), '3', '30'),
	('13', 'PENDING', '1.19', NOW(), NOW(), '3', '10'),
	('14', 'PENDING', '3.28', NOW(), NOW(), '2', '8'),
	('15', 'DELIVERED', '3.1', NOW(), NOW(), '2', '10'),
	('16', 'PROCESSED', '4.96', NOW(), NOW(), '1', '16'),
	('17', 'PENDING', '3.95', NOW(), NOW(), '2', '9'),
	('18', 'PROCESSED', '5.51', NOW(), NOW(), '3', '18'),
	('19', 'PENDING', '2.19', NOW(), NOW(), '1', '14'),
	('20', 'PROCESSED', '0.86', NOW(), NOW(), '3', '29'),
	('21', 'PENDING', '3.23', NOW(), NOW(), '1', '7'),
	('22', 'PROCESSED', '3.10', NOW(), NOW(), '2', '16'),
	('23', 'PENDING', '2.48', NOW(), NOW(), '3', '25'),
	('24', 'PROCESSED', '0.72', NOW(), NOW(), '2', '24'),
	('25', 'PROCESSED', '0.29', NOW(), NOW(), '2', '28'),
	('26', 'PROCESSED', '1.86', NOW(), NOW(), '2', '3'),
	('27', 'PROCESSED', '2.83', NOW(), NOW(), '3', '30'),
	('28', 'DELIVERED', '2.94', NOW(), NOW(), '2', '10'),
	('29', 'DELIVERED', '3.96', NOW(), NOW(), '2', '5'),
	('30', 'PENDING', '5.91', NOW(), NOW(), '3', '13'),
	('31', 'DELIVERED', '4.56', NOW(), NOW(), '3', '15'),
	('32', 'PROCESSED', '1.31', NOW(), NOW(), '2', '7'),
	('33', 'DELIVERED', '2.17', NOW(), NOW(), '1', '7'),
	('34', 'DELIVERED', '5.8', NOW(), NOW(), '3', '3'),
	('35', 'DELIVERED', '2.55', NOW(), NOW(), '1', '26'),
	('36', 'PROCESSED', '2.12', NOW(), NOW(), '1', '6'),
	('37', 'DELIVERED', '1.87', NOW(), NOW(), '2', '12'),
	('38', 'PROCESSED', '3.6', NOW(), NOW(), '2', '7'),
	('39', 'DELIVERED', '0.22', NOW(), NOW(), '1', '17'),
	('40', 'DELIVERED', '1.55', NOW(), NOW(), '2', '29'),
	('41', 'PROCESSED', '4.56', NOW(), NOW(), '1', '24'),
	('42', 'PROCESSED', '0.12', NOW(), NOW(), '1', '23'),
	('43', 'DELIVERED', '1.46', NOW(), NOW(), '3', '1'),
	('44', 'PENDING', '0.20', NOW(), NOW(), '2', '12'),
	('45', 'DELIVERED', '4.62', NOW(), NOW(), '3', '26'),
	('46', 'PROCESSED', '3.21', NOW(), NOW(), '3', '8'),
	('47', 'PENDING', '1.87', NOW(), NOW(), '1', '22'),
	('48', 'DELIVERED', '3.33', NOW(), NOW(), '3', '22'),
	('49', 'PENDING', '5.88', NOW(), NOW(), '1', '12'),
	('50', 'DELIVERED', '1.77', NOW(), NOW(), '2', '2');

INSERT INTO Order_has_Item (Order_idOrder, Item_idItem, amount) VALUES
	('2', '3', '1'),
	('9', '1', '8'),
	('48', '2', '13'),
	('26', '3', '14'),
	('22', '2', '6'),
	('35', '1', '17'),
	('4', '3', '5'),
	('5', '1', '19'),
	('1', '2', '8'),
	('34', '3', '17'),
	('27', '1', '20'),
	('32', '3', '16'),
	('11', '3', '8'),
	('16', '1', '11'),
	('28', '3', '1'),
	('29', '1', '12'),
	('14', '2', '1'),
	('8', '2', '16'),
	('30', '2', '18'),
	('39', '1', '2'),
	('6', '2', '1'),
	('10', '2', '12'),
	('45', '3', '18'),
	('24', '2', '13'),
	('17', '3', '9'),
	('23', '2', '17'),
	('15', '2', '2'),
	('18', '1', '11'),
	('49', '3', '13'),
	('33', '2', '18'),
	('47', '1', '19'),
	('43', '3', '4'),
	('38', '2', '9'),
	('12', '3', '8'),
	('46', '2', '2'),
	('44', '2', '13'),
	('3', '2', '18'),
	('41', '1', '11'),
	('42', '1', '12'),
	('20', '1', '1'),
	('21', '3', '12'),
	('36', '3', '10'),
	('37', '2', '14'),
	('25', '2', '15'),
	('13', '3', '19'),
	('19', '2', '11'),
	('40', '2', '3'),
	('31', '3', '4'),
	('7', '1', '3'),
	('50', '3', '11');

